{
  "camera_id": "CAM-01",
  "calibrated_at": "2026-04-14T15:36:16.999713",
  "frame_size": [
    848,
    478
  ],
  "pixel_points": {
    "SW": [
      847,
      401
    ],
    "SE": [
      752,
      62
    ],
    "NE": [
      35,
      73
    ],
    "NW": [
      1,
      442
    ]
  },
  "world_points": {
    "SW": [
      0.0,
      0.0
    ],
    "SE": [
      0.0,
      9.75
    ],
    "NE": [
      18.9,
      9.75
    ],
    "NW": [
      18.9,
      0.0
    ]
  },
  "mean_reprojection_error_m": 1.9073486523079306e-07,
  "H_matrix": [
    [
      -0.027179646107946757,
      0.007616714986002781,
      19.966857544043794
    ],
    [
      -0.001331986204037843,
      -0.027484398258927234,
      12.149436016649878
    ],
    [
      -8.527201275865557e-05,
      0.000527649456917114,
      1.0
    ]
  ],
  "site": {
    "sw_corner": "10\u00b048'59.7\"N 78\u00b040'07.8\"E",
    "width_m": 18.9,
    "depth_m": 9.75
  }
}